<?xml version="1.0" encoding="UTF-8" standalone="yes"?>
<manifest>
  <control namespace="DD.Crm.CustomControls.Fields" constructor="InputTextWithLength" version="0.0.2" display-name-key="DD.Crm.CustomControls.Fields.InputTextWithLength" description-key="Basic input text with length indicator" control-type="standard" api-version="1.1.0">
    <property name="textProperty" display-name-key="Input value" description-key="textProperty" of-type="SingleLine.Text" usage="bound" required="true"/>
    <resources>
      <code path="bundle.js" order="1"/>
      <css path="style.css" order="2"/>
    </resources>
    <built-by name="pac" version="0.3.4"/>
  </control>
</manifest>