<?xml version="1.0" encoding="UTF-8" standalone="yes"?>
<manifest>
  <control namespace="DD.Crm.CustomControls.Fields" constructor="InputTextWithPattern" version="0.0.30" display-name-key="DD.Crm.CustomControls.Fields.InputTextWithPattern" description-key="Make one string field to match with some pattern (email, url, card number, etc)" control-type="standard" api-version="1.1.0">
    <property name="textProperty" display-name-key="Input value" description-key="Main field" of-type="SingleLine.Text" usage="bound" required="true"/>
    <property name="patternProperty" display-name-key="Regex pattern" description-key="Regex pattern (do not include first and last '/' character). You can find a lot of regex patterns in http://regexlib.com/ or searching in google. Also you can create your own patterns: https://regex101.com/" of-type="SingleLine.Text" usage="input" required="true"/>
    <property name="errorMessageProperty" display-name-key="Error message" description-key="Message for show if string doesn't match" of-type="SingleLine.Text" usage="input" required="true"/>
    <resources>
      <code path="bundle.js" order="1"/>
      <css path="style.css" order="2"/>
    </resources>
    <built-by name="pac" version="0.3.4"/>
  </control>
</manifest>