<?xml version="1.0" encoding="UTF-8" standalone="yes"?>
<manifest>
  <control namespace="DD.Crm.CustomControls.Fields" constructor="InputTextWithPattern" version="0.0.13" display-name-key="DD.Crm.CustomControls.Fields.InputTextWithPattern" description-key="Make one string field to match with some pattern (email, url etc)" control-type="standard" api-version="1.1.0">
    <property name="textProperty" display-name-key="Input value" description-key="textProperty" of-type="SingleLine.Text" usage="bound" required="true"/>
    <property name="patternProperty" display-name-key="Regex pattern" description-key="patternProperty" of-type="SingleLine.Text" usage="input" required="true"/>
    <property name="errorMessageProperty" display-name-key="Error message" description-key="patternProperty" of-type="SingleLine.Text" usage="input" required="true"/>
    <resources>
      <code path="bundle.js" order="1"/>
      <css path="style.css" order="2"/>
    </resources>
    <built-by name="pac" version="0.3.4"/>
  </control>
</manifest>