<?xml version="1.0" encoding="UTF-8" standalone="yes"?>
<manifest>
  <control namespace="DD.Crm.CustomControls.Fields" constructor="InputTextWithAttached" version="0.0.46" display-name-key="DD.Crm.CustomControls.Fields.InputTextWithAttached" description-key="Attach one file in a string field using annotations in background" control-type="standard" api-version="1.1.0">
    <property name="textProperty" display-name-key="Input value" description-key="Main field for save the annotation ID" of-type="SingleLine.Text" usage="bound" required="true"/>
    <resources>
      <code path="bundle.js" order="1"/>
      <css path="style.css" order="2"/>
    </resources>
    <built-by name="pac" version="0.3.4"/>
  </control>
</manifest>