<?xml version="1.0" encoding="UTF-8" standalone="yes"?>
<manifest>
  <control namespace="DD.Crm.CustomControls.Fields" constructor="InputTextWithFormula" version="0.0.4" display-name-key="DD.Crm.CustomControls.Fields.InputTextWithFormula" description-key="Basic input text made with react" control-type="standard" api-version="1.1.0">
    <property name="numberProperty" display-name-key="Input value" description-key="Number property" of-type-group="numbers" usage="bound" required="true"/>
    <property name="formulaProperty" display-name-key="Formula" description-key="Formula expression (use + - * / and **)" of-type="SingleLine.Text" usage="input" required="true"/>
    <property name="resultName" display-name-key="Result name" description-key="String with the result name" of-type="SingleLine.Text" usage="input" required="false"/>
    <property name="resultUnits" display-name-key="Result units" description-key="String with the result units" of-type="SingleLine.Text" usage="input" required="false"/>
    <type-group name="numbers">
      <type>Whole.None</type>
      <type>Currency</type>
      <type>FP</type>
      <type>Decimal</type>
    </type-group>
    <resources>
      <code path="bundle.js" order="1"/>
      <css path="style.css" order="2"/>
    </resources>
    <built-by name="pac" version="0.3.4"/>
  </control>
</manifest>